<?xml version="1.0" encoding="UTF-8" standalone="yes" ?><cp:coreProperties xmlns:cp="http://schemas.openxmlformats.org/package/2006/metadata/core-properties" xmlns:dc="http://purl.org/dc/elements/1.1/" xmlns:dcmitype="http://purl.org/dc/dcmitype/" xmlns:dcterms="http://purl.org/dc/terms/" xmlns:xsi="http://www.w3.org/2001/XMLSchema-instance"><cp:category>model</cp:category><dcterms:created xsi:type="dcterms:W3CDTF">2017-11-09T08:00:12Z</dcterms:created><dc:creator>hirn.j</dc:creator><dc:description></dc:description><cp:lastModifiedBy>hirn.j</cp:lastModifiedBy><dcterms:modified xsi:type="dcterms:W3CDTF">2017-11-09T10:01:45Z</dcterms:modified><cp:revision>1.21</cp:revision><cp:version>R2014a</cp:version></cp:coreProperties>