<?xml version="1.0" encoding="utf-8"?>
<ModelInformation Version="0.9">
  <Model>
    <P Name="SavedCharacterEncoding">windows-1252</P>
    <GraphicalInterface>
      <P Name="NumRootInports">2</P>
      <Inport>
	<P Name="BusObject"></P>
	<P Name="Name">up</P>
      </Inport>
      <Inport>
	<P Name="BusObject"></P>
	<P Name="Name">down</P>
      </Inport>
      <P Name="NumRootOutports">1</P>
      <Outport>
	<P Name="BusObject"></P>
	<P Name="BusOutputAsStruct">off</P>
	<P Name="Name">Out1</P>
      </Outport>
      <P Name="ParameterArgumentNames"></P>
      <P Name="ComputedModelVersion">1.21</P>
      <P Name="NumModelReferences">0</P>
      <P Name="NumTestPointedSignals">0</P>
    </GraphicalInterface>
    <Object PropName="HDLParams" ObjectID="1" ClassName="slprops.hdlmdlprops">
      <Array PropName="mdlProps" Type="Cell" Dimension="1*14">
	<Cell Class="char">HDLSubsystem</Cell>
	<Cell Class="char">configurable_pwm/Subsystem</Cell>
	<Cell Class="char">SynthesisTool</Cell>
	<Cell Class="char">Xilinx ISE</Cell>
	<Cell Class="char">SynthesisToolChipFamily</Cell>
	<Cell Class="char">Zynq</Cell>
	<Cell Class="char">SynthesisToolDeviceName</Cell>
	<Cell Class="char">xc7z020</Cell>
	<Cell Class="char">SynthesisToolPackageName</Cell>
	<Cell Class="char">clg484</Cell>
	<Cell Class="char">SynthesisToolSpeedValue</Cell>
	<Cell Class="char">-1</Cell>
	<Cell Class="char">TargetDirectory</Cell>
	<Cell Class="char">C:\Users\hirn.j\Desktop\hdlsrc</Cell>
      </Array>
    </Object>
    <P Name="SaveDefaultBlockParams">on</P>
    <P Name="ScopeRefreshTime">0.035000</P>
    <P Name="OverrideScopeRefreshTime">on</P>
    <P Name="DisableAllScopes">off</P>
    <P Name="DataTypeOverride">UseLocalSettings</P>
    <P Name="DataTypeOverrideAppliesTo">AllNumericTypes</P>
    <P Name="MinMaxOverflowLogging">UseLocalSettings</P>
    <P Name="MinMaxOverflowArchiveMode">Overwrite</P>
    <P Name="FPTRunName">Run 1</P>
    <P Name="MaxMDLFileLineLength">120</P>
    <Object PropName="BdWindowsInfo" ObjectID="2" ClassName="Simulink.BDWindowsInfo">
      <Object PropName="WindowsInfo" ObjectID="3" ClassName="Simulink.WindowInfo">
	<P Name="IsActive" Class="logical">1</P>
	<P Name="Location" Class="double">[968.0, 30.0, 944.0, 1002.0]</P>
	<Object PropName="ModelBrowserInfo" ObjectID="4" ClassName="Simulink.ModelBrowserInfo">
	  <P Name="Visible" Class="logical">0</P>
	  <P Name="DockPosition" Class="char">Left</P>
	  <P Name="Width" Class="int32">50</P>
	  <P Name="Height" Class="int32">50</P>
	  <P Name="Filter" Class="int32">8</P>
	</Object>
	<Object PropName="ExplorerBarInfo" ObjectID="5" ClassName="Simulink.ExplorerBarInfo">
	  <P Name="Visible" Class="logical">1</P>
	</Object>
	<Array PropName="EditorsInfo" Type="Simulink.EditorInfo" Dimension="1*2">
	  <Object ObjectID="6">
	    <P Name="IsActive" Class="logical">0</P>
	    <P Name="ViewObjType" Class="char">SimulinkTopLevel</P>
	    <P Name="LoadSaveID" Class="char">0</P>
	    <P Name="Extents" Class="double">[910.0, 866.0]</P>
	    <P Name="ZoomFactor" Class="double">1.25</P>
	    <P Name="Offset" Class="double">[-101.1526779040413, -87.091839492334373]</P>
	  </Object>
	  <Object ObjectID="7">
	    <P Name="IsActive" Class="logical">1</P>
	    <P Name="ViewObjType" Class="char">SimulinkSubsys</P>
	    <P Name="LoadSaveID" Class="char">34</P>
	    <P Name="Extents" Class="double">[910.0, 863.0]</P>
	    <P Name="ZoomFactor" Class="double">1.25</P>
	    <P Name="Offset" Class="double">[0.0, -7.1999999999999886]</P>
	  </Object>
	</Array>
      </Object>
    </Object>
    <ConfigManagerSettings>
      <P Name="UpdateHistory">UpdateHistoryNever</P>
      <P Name="ModifiedByFormat">%&lt;Auto&gt;</P>
      <P Name="ModifiedDateFormat">%&lt;Auto&gt;</P>
      <P Name="RTWModifiedTimeStamp">432122752</P>
      <P Name="ModelVersionFormat">1.%&lt;AutoIncrement:21&gt;</P>
    </ConfigManagerSettings>
    <EditorSettings>
      <P Name="SampleTimeColors">off</P>
      <P Name="SampleTimeAnnotations">off</P>
      <P Name="LibraryLinkDisplay">disabled</P>
      <P Name="WideLines">off</P>
      <P Name="ShowLineDimensions">off</P>
      <P Name="ShowPortDataTypes">off</P>
      <P Name="ShowDesignRanges">off</P>
      <P Name="ShowLoopsOnError">on</P>
      <P Name="IgnoreBidirectionalLines">off</P>
      <P Name="ShowStorageClass">off</P>
      <P Name="ShowTestPointIcons">on</P>
      <P Name="ShowSignalResolutionIcons">on</P>
      <P Name="ShowViewerIcons">on</P>
      <P Name="SortedOrder">off</P>
      <P Name="ExecutionContextIcon">off</P>
      <P Name="ShowLinearizationAnnotations">on</P>
      <P Name="BlockNameDataTip">off</P>
      <P Name="BlockParametersDataTip">off</P>
      <P Name="BlockDescriptionStringDataTip">off</P>
      <P Name="ToolBar">on</P>
      <P Name="StatusBar">on</P>
      <P Name="BrowserShowLibraryLinks">off</P>
      <P Name="BrowserLookUnderMasks">off</P>
    </EditorSettings>
    <SimulationSettings>
      <P Name="SimulationMode">normal</P>
      <P Name="PauseTimes">5</P>
      <P Name="NumberOfSteps">1</P>
      <P Name="SnapshotBufferSize">10</P>
      <P Name="SnapshotInterval">10</P>
      <P Name="NumberOfLastSnapshots">0</P>
      <P Name="LinearizationMsg">none</P>
      <P Name="Profile">off</P>
      <P Name="ParamWorkspaceSource">MATLABWorkspace</P>
      <P Name="AccelSystemTargetFile">accel.tlc</P>
      <P Name="AccelTemplateMakefile">accel_default_tmf</P>
      <P Name="AccelMakeCommand">make_rtw</P>
      <P Name="TryForcingSFcnDF">off</P>
      <Object PropName="DataLoggingOverride" ObjectID="8" ClassName="Simulink.SimulationData.ModelLoggingInfo">
	<P Name="model_" Class="char">configurable_pwm</P>
	<P Name="overrideMode_" Class="uint32">0U</P>
	<Array PropName="logAsSpecifiedByModels_" Type="Cell" Dimension="1*1">
	  <Cell Class="char">configurable_pwm</Cell>
	</Array>
	<Array PropName="logAsSpecifiedByModelsSSIDs_" Type="Cell" Dimension="1*1">
	  <Cell>[]</Cell>
	</Array>
      </Object>
    </SimulationSettings>
    <Verification>
      <P Name="RecordCoverage">off</P>
      <P Name="CovPath">/</P>
      <P Name="CovSaveName">covdata</P>
      <P Name="CovMetricSettings">dw</P>
      <P Name="CovNameIncrementing">off</P>
      <P Name="CovHtmlReporting">on</P>
      <P Name="CovForceBlockReductionOff">on</P>
      <P Name="CovEnableCumulative">on</P>
      <P Name="covSaveCumulativeToWorkspaceVar">on</P>
      <P Name="CovSaveSingleToWorkspaceVar">on</P>
      <P Name="CovCumulativeVarName">covCumulativeData</P>
      <P Name="CovCumulativeReport">off</P>
      <P Name="CovReportOnPause">on</P>
      <P Name="CovModelRefEnable">Off</P>
      <P Name="CovExternalEMLEnable">off</P>
      <P Name="CovSFcnEnable">off</P>
      <P Name="CovBoundaryAbsTol">0.000010</P>
      <P Name="CovBoundaryRelTol">0.010000</P>
    </Verification>
    <ExternalMode>
      <P Name="ExtModeBatchMode">off</P>
      <P Name="ExtModeEnableFloating">on</P>
      <P Name="ExtModeTrigType">manual</P>
      <P Name="ExtModeTrigMode">normal</P>
      <P Name="ExtModeTrigPort">1</P>
      <P Name="ExtModeTrigElement">any</P>
      <P Name="ExtModeTrigDuration">1000</P>
      <P Name="ExtModeTrigDurationFloating">auto</P>
      <P Name="ExtModeTrigHoldOff">0</P>
      <P Name="ExtModeTrigDelay">0</P>
      <P Name="ExtModeTrigDirection">rising</P>
      <P Name="ExtModeTrigLevel">0</P>
      <P Name="ExtModeArchiveMode">off</P>
      <P Name="ExtModeAutoIncOneShot">off</P>
      <P Name="ExtModeIncDirWhenArm">off</P>
      <P Name="ExtModeAddSuffixToVar">off</P>
      <P Name="ExtModeWriteAllDataToWs">off</P>
      <P Name="ExtModeArmWhenConnect">on</P>
      <P Name="ExtModeSkipDownloadWhenConnect">off</P>
      <P Name="ExtModeLogAll">on</P>
      <P Name="ExtModeAutoUpdateStatusClock">on</P>
    </ExternalMode>
    <EngineSettings>
      <P Name="BufferReuse">on</P>
    </EngineSettings>
    <ModelReferenceSettings>
      <P Name="ShowModelReferenceBlockVersion">off</P>
      <P Name="ShowModelReferenceBlockIO">off</P>
    </ModelReferenceSettings>
    <ConfigurationSet>
      <Array PropName="ConfigurationSets" Type="Handle" Dimension="1*1">
	<Object ObjectID="9" Version="1.14.2" ClassName="Simulink.ConfigSet">
	  <Array PropName="Components" Type="Handle" Dimension="1*9">
	    <Object ObjectID="10" Version="1.14.2" ClassName="Simulink.SolverCC">
	      <P Name="StartTime">0.0</P>
	      <P Name="StopTime">100000</P>
	      <P Name="AbsTol">auto</P>
	      <P Name="FixedStep">auto</P>
	      <P Name="InitialStep">auto</P>
	      <P Name="MaxNumMinSteps">-1</P>
	      <P Name="MaxOrder">5</P>
	      <P Name="ZcThreshold">auto</P>
	      <P Name="ConsecutiveZCsStepRelTol">10*128*eps</P>
	      <P Name="MaxConsecutiveZCs">1000</P>
	      <P Name="ExtrapolationOrder">4</P>
	      <P Name="NumberNewtonIterations">1</P>
	      <P Name="MaxStep">auto</P>
	      <P Name="MinStep">auto</P>
	      <P Name="MaxConsecutiveMinStep">1</P>
	      <P Name="RelTol">1e-3</P>
	      <P Name="SolverMode">Auto</P>
	      <P Name="EnableConcurrentExecution">off</P>
	      <P Name="ConcurrentTasks">off</P>
	      <P Name="Solver">VariableStepDiscrete</P>
	      <P Name="SolverName">VariableStepDiscrete</P>
	      <P Name="SolverJacobianMethodControl">auto</P>
	      <P Name="ShapePreserveControl">DisableAll</P>
	      <P Name="ZeroCrossControl">UseLocalSettings</P>
	      <P Name="ZeroCrossAlgorithm">Nonadaptive</P>
	      <P Name="AlgebraicLoopSolver">TrustRegion</P>
	      <P Name="SolverResetMethod">Fast</P>
	      <P Name="PositivePriorityOrder">off</P>
	      <P Name="AutoInsertRateTranBlk">off</P>
	      <P Name="SampleTimeConstraint">Unconstrained</P>
	      <P Name="InsertRTBMode">Whenever possible</P>
	    </Object>
	    <Object ObjectID="11" Version="1.14.2" ClassName="Simulink.DataIOCC">
	      <P Name="Decimation">1</P>
	      <P Name="ExternalInput">[t, u]</P>
	      <P Name="FinalStateName">xFinal</P>
	      <P Name="InitialState">xInitial</P>
	      <P Name="LimitDataPoints">on</P>
	      <P Name="MaxDataPoints">1000</P>
	      <P Name="LoadExternalInput">off</P>
	      <P Name="LoadInitialState">off</P>
	      <P Name="SaveFinalState">off</P>
	      <P Name="SaveCompleteFinalSimState">off</P>
	      <P Name="SaveFormat">Array</P>
	      <P Name="SignalLoggingSaveFormat">Dataset</P>
	      <P Name="SaveOutput">on</P>
	      <P Name="SaveState">off</P>
	      <P Name="SignalLogging">on</P>
	      <P Name="DSMLogging">on</P>
	      <P Name="InspectSignalLogs">off</P>
	      <P Name="VisualizeSimOutput">on</P>
	      <P Name="SaveTime">on</P>
	      <P Name="ReturnWorkspaceOutputs">off</P>
	      <P Name="StateSaveName">xout</P>
	      <P Name="TimeSaveName">tout</P>
	      <P Name="OutputSaveName">yout</P>
	      <P Name="SignalLoggingName">logsout</P>
	      <P Name="DSMLoggingName">dsmout</P>
	      <P Name="OutputOption">RefineOutputTimes</P>
	      <P Name="OutputTimes">[]</P>
	      <P Name="ReturnWorkspaceOutputsName">out</P>
	      <P Name="Refine">1</P>
	    </Object>
	    <Object ObjectID="12" Version="1.14.2" ClassName="Simulink.OptimizationCC">
	      <Array PropName="DisabledProps" Type="Cell" Dimension="1*8">
		<Cell Class="char">BooleansAsBitfields</Cell>
		<Cell Class="char">PassReuseOutputArgsAs</Cell>
		<Cell Class="char">PassReuseOutputArgsThreshold</Cell>
		<Cell Class="char">ZeroExternalMemoryAtStartup</Cell>
		<Cell Class="char">ZeroInternalMemoryAtStartup</Cell>
		<Cell Class="char">OptimizeModelRefInitCode</Cell>
		<Cell Class="char">NoFixptDivByZeroProtection</Cell>
		<Cell Class="char">UseSpecifiedMinMax</Cell>
	      </Array>
	      <P Name="BlockReduction">off</P>
	      <P Name="BooleanDataType">on</P>
	      <P Name="ConditionallyExecuteInputs">off</P>
	      <P Name="InlineParams">on</P>
	      <P Name="UseIntDivNetSlope">off</P>
	      <P Name="UseFloatMulNetSlope">off</P>
	      <P Name="DefaultUnderspecifiedDataType">double</P>
	      <P Name="UseSpecifiedMinMax">off</P>
	      <P Name="InlineInvariantSignals">off</P>
	      <P Name="OptimizeBlockIOStorage">on</P>
	      <P Name="BufferReuse">on</P>
	      <P Name="EnhancedBackFolding">off</P>
	      <P Name="CachingGlobalReferences">off</P>
	      <P Name="GlobalBufferReuse">on</P>
	      <P Name="StrengthReduction">off</P>
	      <P Name="ExpressionFolding">on</P>
	      <P Name="BooleansAsBitfields">off</P>
	      <P Name="BitfieldContainerType">uint_T</P>
	      <P Name="EnableMemcpy">on</P>
	      <P Name="MemcpyThreshold">64</P>
	      <P Name="PassReuseOutputArgsAs">Structure reference</P>
	      <P Name="ExpressionDepthLimit">128</P>
	      <P Name="FoldNonRolledExpr">on</P>
	      <P Name="LocalBlockOutputs">on</P>
	      <P Name="RollThreshold">5</P>
	      <P Name="SystemCodeInlineAuto">off</P>
	      <P Name="StateBitsets">off</P>
	      <P Name="DataBitsets">off</P>
	      <P Name="ActiveStateOutputEnumStorageType">Native Integer</P>
	      <P Name="UseTempVars">off</P>
	      <P Name="ZeroExternalMemoryAtStartup">on</P>
	      <P Name="ZeroInternalMemoryAtStartup">on</P>
	      <P Name="InitFltsAndDblsToZero">off</P>
	      <P Name="NoFixptDivByZeroProtection">off</P>
	      <P Name="EfficientFloat2IntCast">off</P>
	      <P Name="EfficientMapNaN2IntZero">on</P>
	      <P Name="OptimizeModelRefInitCode">off</P>
	      <P Name="LifeSpan">inf</P>
	      <P Name="MaxStackSize">Inherit from target</P>
	      <P Name="BufferReusableBoundary">on</P>
	      <P Name="SimCompilerOptimization">Off</P>
	      <P Name="AccelVerboseBuild">off</P>
	      <P Name="ParallelExecutionInRapidAccelerator">on</P>
	    </Object>
	    <Object ObjectID="13" Version="1.14.2" ClassName="Simulink.DebuggingCC">
	      <P Name="RTPrefix">error</P>
	      <P Name="ConsistencyChecking">none</P>
	      <P Name="ArrayBoundsChecking">none</P>
	      <P Name="SignalInfNanChecking">none</P>
	      <P Name="SignalRangeChecking">none</P>
	      <P Name="ReadBeforeWriteMsg">UseLocalSettings</P>
	      <P Name="WriteAfterWriteMsg">UseLocalSettings</P>
	      <P Name="WriteAfterReadMsg">UseLocalSettings</P>
	      <P Name="AlgebraicLoopMsg">error</P>
	      <P Name="ArtificialAlgebraicLoopMsg">warning</P>
	      <P Name="SaveWithDisabledLinksMsg">warning</P>
	      <P Name="SaveWithParameterizedLinksMsg">warning</P>
	      <P Name="CheckSSInitialOutputMsg">on</P>
	      <P Name="UnderspecifiedInitializationDetection">Simplified</P>
	      <P Name="MergeDetectMultiDrivingBlocksExec">none</P>
	      <P Name="CheckExecutionContextPreStartOutputMsg">off</P>
	      <P Name="CheckExecutionContextRuntimeOutputMsg">off</P>
	      <P Name="SignalResolutionControl">UseLocalSettings</P>
	      <P Name="BlockPriorityViolationMsg">warning</P>
	      <P Name="MinStepSizeMsg">warning</P>
	      <P Name="TimeAdjustmentMsg">none</P>
	      <P Name="MaxConsecutiveZCsMsg">error</P>
	      <P Name="MaskedZcDiagnostic">warning</P>
	      <P Name="IgnoredZcDiagnostic">warning</P>
	      <P Name="SolverPrmCheckMsg">warning</P>
	      <P Name="InheritedTsInSrcMsg">warning</P>
	      <P Name="DiscreteInheritContinuousMsg">warning</P>
	      <P Name="MultiTaskDSMMsg">error</P>
	      <P Name="MultiTaskCondExecSysMsg">error</P>
	      <P Name="MultiTaskRateTransMsg">error</P>
	      <P Name="SingleTaskRateTransMsg">none</P>
	      <P Name="TasksWithSamePriorityMsg">warning</P>
	      <P Name="SigSpecEnsureSampleTimeMsg">warning</P>
	      <P Name="CheckMatrixSingularityMsg">none</P>
	      <P Name="IntegerOverflowMsg">warning</P>
	      <P Name="Int32ToFloatConvMsg">warning</P>
	      <P Name="ParameterDowncastMsg">error</P>
	      <P Name="ParameterOverflowMsg">error</P>
	      <P Name="ParameterUnderflowMsg">none</P>
	      <P Name="ParameterPrecisionLossMsg">warning</P>
	      <P Name="ParameterTunabilityLossMsg">warning</P>
	      <P Name="FixptConstUnderflowMsg">none</P>
	      <P Name="FixptConstOverflowMsg">none</P>
	      <P Name="FixptConstPrecisionLossMsg">none</P>
	      <P Name="UnderSpecifiedDataTypeMsg">none</P>
	      <P Name="UnnecessaryDatatypeConvMsg">none</P>
	      <P Name="VectorMatrixConversionMsg">none</P>
	      <P Name="InvalidFcnCallConnMsg">error</P>
	      <P Name="FcnCallInpInsideContextMsg">EnableAllAsError</P>
	      <P Name="SignalLabelMismatchMsg">none</P>
	      <P Name="UnconnectedInputMsg">warning</P>
	      <P Name="UnconnectedOutputMsg">warning</P>
	      <P Name="UnconnectedLineMsg">warning</P>
	      <P Name="SFcnCompatibilityMsg">none</P>
	      <P Name="FrameProcessingCompatibilityMsg">warning</P>
	      <P Name="UniqueDataStoreMsg">none</P>
	      <P Name="BusObjectLabelMismatch">warning</P>
	      <P Name="RootOutportRequireBusObject">warning</P>
	      <P Name="AssertControl">UseLocalSettings</P>
	      <P Name="EnableOverflowDetection">off</P>
	      <P Name="ModelReferenceIOMsg">none</P>
	      <P Name="ModelReferenceMultiInstanceNormalModeStructChecksumCheck">error</P>
	      <P Name="ModelReferenceVersionMismatchMessage">none</P>
	      <P Name="ModelReferenceIOMismatchMessage">none</P>
	      <P Name="ModelReferenceCSMismatchMessage">none</P>
	      <P Name="UnknownTsInhSupMsg">warning</P>
	      <P Name="ModelReferenceDataLoggingMessage">warning</P>
	      <P Name="ModelReferenceSymbolNameMessage">warning</P>
	      <P Name="ModelReferenceExtraNoncontSigs">error</P>
	      <P Name="StateNameClashWarn">none</P>
	      <P Name="SimStateInterfaceChecksumMismatchMsg">warning</P>
	      <P Name="SimStateOlderReleaseMsg">error</P>
	      <P Name="InitInArrayFormatMsg">warning</P>
	      <P Name="StrictBusMsg">ErrorLevel1</P>
	      <P Name="BusNameAdapt">WarnAndRepair</P>
	      <P Name="NonBusSignalsTreatedAsBus">none</P>
	      <P Name="LoggingUnavailableSignals">error</P>
	      <P Name="BlockIODiagnostic">none</P>
	      <P Name="SFUnusedDataAndEventsDiag">warning</P>
	      <P Name="SFUnexpectedBacktrackingDiag">warning</P>
	      <P Name="SFInvalidInputDataAccessInChartInitDiag">warning</P>
	      <P Name="SFNoUnconditionalDefaultTransitionDiag">warning</P>
	      <P Name="SFTransitionOutsideNaturalParentDiag">warning</P>
	      <P Name="SFUnconditionalTransitionShadowingDiag">warning</P>
	      <P Name="SFUndirectedBroadcastEventsDiag">warning</P>
	      <P Name="SFTransitionActionBeforeConditionDiag">warning</P>
	    </Object>
	    <Object ObjectID="14" Version="1.14.2" ClassName="Simulink.HardwareCC">
	      <P Name="ProdBitPerChar">8</P>
	      <P Name="ProdBitPerShort">16</P>
	      <P Name="ProdBitPerInt">32</P>
	      <P Name="ProdBitPerLong">32</P>
	      <P Name="ProdBitPerLongLong">64</P>
	      <P Name="ProdBitPerFloat">32</P>
	      <P Name="ProdBitPerDouble">64</P>
	      <P Name="ProdBitPerPointer">32</P>
	      <P Name="ProdLargestAtomicInteger">Char</P>
	      <P Name="ProdLargestAtomicFloat">None</P>
	      <P Name="ProdIntDivRoundTo">Undefined</P>
	      <P Name="ProdEndianess">Unspecified</P>
	      <P Name="ProdWordSize">32</P>
	      <P Name="ProdShiftRightIntArith">on</P>
	      <P Name="ProdLongLongMode">off</P>
	      <P Name="ProdHWDeviceType">ASIC/FPGA-&gt;ASIC/FPGA</P>
	      <P Name="TargetBitPerChar">8</P>
	      <P Name="TargetBitPerShort">16</P>
	      <P Name="TargetBitPerInt">32</P>
	      <P Name="TargetBitPerLong">32</P>
	      <P Name="TargetBitPerLongLong">64</P>
	      <P Name="TargetBitPerFloat">32</P>
	      <P Name="TargetBitPerDouble">64</P>
	      <P Name="TargetBitPerPointer">32</P>
	      <P Name="TargetLargestAtomicInteger">Char</P>
	      <P Name="TargetLargestAtomicFloat">None</P>
	      <P Name="TargetShiftRightIntArith">on</P>
	      <P Name="TargetLongLongMode">off</P>
	      <P Name="TargetIntDivRoundTo">Undefined</P>
	      <P Name="TargetEndianess">Unspecified</P>
	      <P Name="TargetWordSize">32</P>
	      <P Name="TargetTypeEmulationWarnSuppressLevel">0</P>
	      <P Name="TargetPreprocMaxBitsSint">32</P>
	      <P Name="TargetPreprocMaxBitsUint">32</P>
	      <P Name="TargetHWDeviceType">Specified</P>
	      <P Name="TargetUnknown">off</P>
	      <P Name="ProdEqTarget">off</P>
	    </Object>
	    <Object ObjectID="15" Version="1.14.2" ClassName="Simulink.ModelReferenceCC">
	      <P Name="UpdateModelReferenceTargets">IfOutOfDateOrStructuralChange</P>
	      <P Name="CheckModelReferenceTargetMessage">error</P>
	      <P Name="EnableParallelModelReferenceBuilds">off</P>
	      <P Name="ParallelModelReferenceErrorOnInvalidPool">on</P>
	      <P Name="ParallelModelReferenceMATLABWorkerInit">None</P>
	      <P Name="ModelReferenceNumInstancesAllowed">Multi</P>
	      <P Name="PropagateVarSize">Infer from blocks in model</P>
	      <P Name="ModelReferencePassRootInputsByReference">on</P>
	      <P Name="ModelReferenceMinAlgLoopOccurrences">off</P>
	      <P Name="PropagateSignalLabelsOutOfModel">off</P>
	      <P Name="SupportModelReferenceSimTargetCustomCode">off</P>
	    </Object>
	    <Object ObjectID="16" Version="1.14.2" ClassName="Simulink.SFSimCC">
	      <P Name="SFSimEnableDebug">on</P>
	      <P Name="SFSimOverflowDetection">on</P>
	      <P Name="SFSimEcho">on</P>
	      <P Name="SimBlas">on</P>
	      <P Name="SimCtrlC">on</P>
	      <P Name="SimExtrinsic">on</P>
	      <P Name="SimIntegrity">on</P>
	      <P Name="SimUseLocalCustomCode">off</P>
	      <P Name="SimParseCustomCode">on</P>
	      <P Name="SimBuildMode">sf_incremental_build</P>
	      <P Name="SimGenImportedTypeDefs">off</P>
	    </Object>
	    <Object BackupClass="Simulink.RTWCC" ObjectID="17" Version="1.14.2" ClassName="Simulink.RTWCC">
	      <Array PropName="DisabledProps" Type="Cell" Dimension="1*15">
		<Cell Class="char">IncludeHyperlinkInReport</Cell>
		<Cell Class="char">GenerateTraceInfo</Cell>
		<Cell Class="char">GenerateTraceReport</Cell>
		<Cell Class="char">GenerateTraceReportSl</Cell>
		<Cell Class="char">GenerateTraceReportSf</Cell>
		<Cell Class="char">GenerateTraceReportEml</Cell>
		<Cell Class="char">PortableWordSizes</Cell>
		<Cell Class="char">GenerateWebview</Cell>
		<Cell Class="char">GenerateCodeMetricsReport</Cell>
		<Cell Class="char">GenerateCodeReplacementReport</Cell>
		<Cell Class="char">GenerateErtSFunction</Cell>
		<Cell Class="char">CreateSILPILBlock</Cell>
		<Cell Class="char">CodeExecutionProfiling</Cell>
		<Cell Class="char">CodeProfilingSaveOptions</Cell>
		<Cell Class="char">CodeProfilingInstrumentation</Cell>
	      </Array>
	      <P Name="SystemTargetFile">grt.tlc</P>
	      <P Name="TLCOptions"></P>
	      <P Name="GenCodeOnly">off</P>
	      <P Name="MakeCommand">make_rtw</P>
	      <P Name="GenerateMakefile">on</P>
	      <P Name="PackageGeneratedCodeAndArtifacts">off</P>
	      <P Name="PackageName"></P>
	      <P Name="TemplateMakefile">grt_default_tmf</P>
	      <P Name="PostCodeGenCommand"></P>
	      <P Name="Description"></P>
	      <P Name="GenerateReport">off</P>
	      <P Name="SaveLog">off</P>
	      <P Name="RTWVerbose">on</P>
	      <P Name="RetainRTWFile">off</P>
	      <P Name="ProfileTLC">off</P>
	      <P Name="TLCDebug">off</P>
	      <P Name="TLCCoverage">off</P>
	      <P Name="TLCAssert">off</P>
	      <P Name="ProcessScriptMode">Default</P>
	      <P Name="ConfigurationMode">Optimized</P>
	      <P Name="ProcessScript"></P>
	      <P Name="ConfigurationScript"></P>
	      <P Name="ConfigAtBuild">off</P>
	      <P Name="RTWUseLocalCustomCode">off</P>
	      <P Name="RTWUseSimCustomCode">off</P>
	      <P Name="CustomSourceCode"></P>
	      <P Name="CustomHeaderCode"></P>
	      <P Name="CustomInclude"></P>
	      <P Name="CustomSource"></P>
	      <P Name="CustomLibrary"></P>
	      <P Name="CustomInitializer"></P>
	      <P Name="CustomTerminator"></P>
	      <P Name="Toolchain">Automatically locate an installed toolchain</P>
	      <P Name="BuildConfiguration">Faster Builds</P>
	      <P Name="IncludeHyperlinkInReport">off</P>
	      <P Name="LaunchReport">off</P>
	      <P Name="PortableWordSizes">off</P>
	      <P Name="CreateSILPILBlock">None</P>
	      <P Name="CodeExecutionProfiling">off</P>
	      <P Name="CodeExecutionProfileVariable">executionProfile</P>
	      <P Name="CodeProfilingSaveOptions">SummaryOnly</P>
	      <P Name="CodeProfilingInstrumentation">off</P>
	      <P Name="SILDebugging">off</P>
	      <P Name="TargetLang">C</P>
	      <P Name="IncludeBusHierarchyInRTWFileBlockHierarchyMap">off</P>
	      <P Name="IncludeERTFirstTime">off</P>
	      <P Name="GenerateTraceInfo">off</P>
	      <P Name="GenerateTraceReport">off</P>
	      <P Name="GenerateTraceReportSl">off</P>
	      <P Name="GenerateTraceReportSf">off</P>
	      <P Name="GenerateTraceReportEml">off</P>
	      <P Name="GenerateCodeInfo">off</P>
	      <P Name="GenerateWebview">off</P>
	      <P Name="GenerateCodeMetricsReport">off</P>
	      <P Name="GenerateCodeReplacementReport">off</P>
	      <P Name="RTWCompilerOptimization">Off</P>
	      <P Name="RTWCustomCompilerOptimizations"></P>
	      <P Name="CheckMdlBeforeBuild">Off</P>
	      <P Name="CustomRebuildMode">OnUpdate</P>
	      <P Name="DataInitializer"></P>
	      <P Name="SharedConstantsCachingThreshold">1024</P>
	      <Array PropName="Components" Type="Handle" Dimension="1*2">
		<Object ObjectID="18" Version="1.14.2" ClassName="Simulink.CodeAppCC">
		  <Array PropName="DisabledProps" Type="Cell" Dimension="1*23">
		    <Cell Class="char">IgnoreCustomStorageClasses</Cell>
		    <Cell Class="char">IgnoreTestpoints</Cell>
		    <Cell Class="char">InsertBlockDesc</Cell>
		    <Cell Class="char">InsertPolySpaceComments</Cell>
		    <Cell Class="char">SFDataObjDesc</Cell>
		    <Cell Class="char">MATLABFcnDesc</Cell>
		    <Cell Class="char">SimulinkDataObjDesc</Cell>
		    <Cell Class="char">DefineNamingRule</Cell>
		    <Cell Class="char">SignalNamingRule</Cell>
		    <Cell Class="char">ParamNamingRule</Cell>
		    <Cell Class="char">InternalIdentifier</Cell>
		    <Cell Class="char">InlinedPrmAccess</Cell>
		    <Cell Class="char">CustomSymbolStr</Cell>
		    <Cell Class="char">CustomSymbolStrGlobalVar</Cell>
		    <Cell Class="char">CustomSymbolStrType</Cell>
		    <Cell Class="char">CustomSymbolStrField</Cell>
		    <Cell Class="char">CustomSymbolStrFcn</Cell>
		    <Cell Class="char">CustomSymbolStrFcnArg</Cell>
		    <Cell Class="char">CustomSymbolStrBlkIO</Cell>
		    <Cell Class="char">CustomSymbolStrTmpVar</Cell>
		    <Cell Class="char">CustomSymbolStrMacro</Cell>
		    <Cell Class="char">CustomSymbolStrUtil</Cell>
		    <Cell Class="char">ReqsInCode</Cell>
		  </Array>
		  <P Name="ForceParamTrailComments">off</P>
		  <P Name="GenerateComments">on</P>
		  <P Name="CommentStyle">Auto</P>
		  <P Name="IgnoreCustomStorageClasses">on</P>
		  <P Name="IgnoreTestpoints">off</P>
		  <P Name="IncHierarchyInIds">off</P>
		  <P Name="MaxIdLength">31</P>
		  <P Name="PreserveName">off</P>
		  <P Name="PreserveNameWithParent">off</P>
		  <P Name="ShowEliminatedStatement">off</P>
		  <P Name="OperatorAnnotations">off</P>
		  <P Name="IncAutoGenComments">off</P>
		  <P Name="SimulinkDataObjDesc">off</P>
		  <P Name="SFDataObjDesc">off</P>
		  <P Name="MATLABFcnDesc">off</P>
		  <P Name="IncDataTypeInIds">off</P>
		  <P Name="MangleLength">1</P>
		  <P Name="CustomSymbolStrGlobalVar">$R$N$M</P>
		  <P Name="CustomSymbolStrType">$N$R$M_T</P>
		  <P Name="CustomSymbolStrField">$N$M</P>
		  <P Name="CustomSymbolStrFcn">$R$N$M$F</P>
		  <P Name="CustomSymbolStrFcnArg">rt$I$N$M</P>
		  <P Name="CustomSymbolStrBlkIO">rtb_$N$M</P>
		  <P Name="CustomSymbolStrTmpVar">$N$M</P>
		  <P Name="CustomSymbolStrMacro">$R$N$M</P>
		  <P Name="CustomSymbolStrUtil">$N$C</P>
		  <P Name="DefineNamingRule">None</P>
		  <P Name="ParamNamingRule">None</P>
		  <P Name="SignalNamingRule">None</P>
		  <P Name="InsertBlockDesc">off</P>
		  <P Name="InsertPolySpaceComments">off</P>
		  <P Name="SimulinkBlockComments">on</P>
		  <P Name="MATLABSourceComments">off</P>
		  <P Name="EnableCustomComments">off</P>
		  <P Name="InternalIdentifier">Shortened</P>
		  <P Name="InlinedPrmAccess">Literals</P>
		  <P Name="ReqsInCode">off</P>
		  <P Name="UseSimReservedNames">off</P>
		</Object>
		<Object BackupClass="Simulink.TargetCC" ObjectID="19" Version="1.14.2" ClassName="Simulink.GRTTargetCC">
		  <Array PropName="DisabledProps" Type="Cell" Dimension="1*14">
		    <Cell Class="char">GeneratePreprocessorConditionals</Cell>
		    <Cell Class="char">IncludeMdlTerminateFcn</Cell>
		    <Cell Class="char">CombineOutputUpdateFcns</Cell>
		    <Cell Class="char">SuppressErrorStatus</Cell>
		    <Cell Class="char">ERTCustomFileBanners</Cell>
		    <Cell Class="char">GenerateSampleERTMain</Cell>
		    <Cell Class="char">GenerateTestInterfaces</Cell>
		    <Cell Class="char">ModelStepFunctionPrototypeControlCompliant</Cell>
		    <Cell Class="char">GenerateAllocFcn</Cell>
		    <Cell Class="char">PurelyIntegerCode</Cell>
		    <Cell Class="char">SupportComplex</Cell>
		    <Cell Class="char">SupportAbsoluteTime</Cell>
		    <Cell Class="char">SupportContinuousTime</Cell>
		    <Cell Class="char">SupportNonInlinedSFcns</Cell>
		  </Array>
		  <P Name="TargetFcnLib">ansi_tfl_table_tmw.mat</P>
		  <P Name="TargetLibSuffix"></P>
		  <P Name="TargetPreCompLibLocation"></P>
		  <P Name="GenFloatMathFcnCalls">NOT IN USE</P>
		  <P Name="TargetLangStandard">C89/C90 (ANSI)</P>
		  <P Name="CodeReplacementLibrary">None</P>
		  <P Name="UtilityFuncGeneration">Auto</P>
		  <P Name="ERTMultiwordTypeDef">System defined</P>
		  <P Name="ERTMultiwordLength">256</P>
		  <P Name="MultiwordLength">2048</P>
		  <P Name="GenerateFullHeader">on</P>
		  <P Name="GenerateSampleERTMain">off</P>
		  <P Name="GenerateTestInterfaces">off</P>
		  <P Name="ModelReferenceCompliant">on</P>
		  <P Name="ParMdlRefBuildCompliant">on</P>
		  <P Name="CompOptLevelCompliant">on</P>
		  <P Name="ConcurrentExecutionCompliant">on</P>
		  <P Name="IncludeMdlTerminateFcn">on</P>
		  <P Name="GeneratePreprocessorConditionals">Disable all</P>
		  <P Name="CombineOutputUpdateFcns">on</P>
		  <P Name="CombineSignalStateStructs">off</P>
		  <P Name="SuppressErrorStatus">off</P>
		  <P Name="ERTFirstTimeCompliant">off</P>
		  <P Name="IncludeFileDelimiter">Auto</P>
		  <P Name="ERTCustomFileBanners">off</P>
		  <P Name="SupportAbsoluteTime">on</P>
		  <P Name="LogVarNameModifier">rt_</P>
		  <P Name="MatFileLogging">on</P>
		  <P Name="MultiInstanceERTCode">off</P>
		  <P Name="CodeInterfacePackaging">Nonreusable function</P>
		  <P Name="SupportNonFinite">on</P>
		  <P Name="SupportComplex">on</P>
		  <P Name="PurelyIntegerCode">off</P>
		  <P Name="SupportContinuousTime">on</P>
		  <P Name="SupportNonInlinedSFcns">on</P>
		  <P Name="SupportVariableSizeSignals">off</P>
		  <P Name="EnableShiftOperators">on</P>
		  <P Name="ParenthesesLevel">Nominal</P>
		  <P Name="MATLABClassNameForMDSCustomization">Simulink.SoftwareTarget.GRTCustomization</P>
		  <P Name="ModelStepFunctionPrototypeControlCompliant">off</P>
		  <P Name="CPPClassGenCompliant">on</P>
		  <P Name="AutosarCompliant">off</P>
		  <P Name="GRTInterface">off</P>
		  <P Name="GenerateAllocFcn">off</P>
		  <P Name="UseMalloc">off</P>
		  <P Name="ExtMode">off</P>
		  <P Name="ExtModeStaticAlloc">off</P>
		  <P Name="ExtModeTesting">off</P>
		  <P Name="ExtModeStaticAllocSize">1000000</P>
		  <P Name="ExtModeTransport">0</P>
		  <P Name="ExtModeMexFile">ext_comm</P>
		  <P Name="ExtModeIntrfLevel">Level1</P>
		  <P Name="RTWCAPISignals">off</P>
		  <P Name="RTWCAPIParams">off</P>
		  <P Name="RTWCAPIStates">off</P>
		  <P Name="RTWCAPIRootIO">off</P>
		  <P Name="GenerateASAP2">off</P>
		  <P Name="MultiInstanceErrorCode">Error</P>
		</Object>
	      </Array>
	    </Object>
	    <Object ObjectID="20" Version="1.14.2" ClassName="hdlcoderui.hdlcc">
	      <P Name="Description">HDL Coder custom configuration component</P>
	      <P Name="Name">HDL Coder</P>
	      <Array PropName="HDLConfigFile" Type="Cell" Dimension="1*1">
		<Cell Class="char"> </Cell>
	      </Array>
	      <P Name="HDLCActiveTab">0</P>
	    </Object>
	  </Array>
	  <P Name="Name">Configuration</P>
	  <P Name="CurrentDlgPage">Solver</P>
	  <P Name="ConfigPrmDlgPosition"> [ 404, 160, 1516, 876 ] </P>
	</Object>
      </Array>
      <Object Reference="true" PropName="ActiveConfigurationSet" ObjectID="9" ClassName="Simulink.ConfigSet">
      </Object>
    </ConfigurationSet>
    <ConcurrentExecutionSettings>
      <Object PropName="DataTransfer" ObjectID="21" ClassName="Simulink.GlobalDataTransfer">
	<P Name="DefaultTransitionBetweenSyncTasks" Class="char">Ensure deterministic transfer (maximum delay)</P>
	<P Name="DefaultTransitionBetweenAsyncTasks" Class="char">Ensure data integrity only</P>
	<P Name="DefaultTransitionBetweenContTasks" Class="char">Ensure deterministic transfer (minimum delay)</P>
	<P Name="DefaultExtrapolationMethodBetweenContTasks" Class="char">None</P>
	<P Name="AutoInsertRateTranBlk" Class="logical">0</P>
      </Object>
      <P Name="ExplicitPartitioning">off</P>
    </ConcurrentExecutionSettings>
    <SystemDefaults>
      <P Name="PaperOrientation">landscape</P>
      <P Name="PaperPositionMode">auto</P>
      <P Name="PaperType">usletter</P>
      <P Name="PaperUnits">inches</P>
      <P Name="TiledPaperMargins">[0.500000, 0.500000, 0.500000, 0.500000]</P>
      <P Name="TiledPageScale">1</P>
      <P Name="ShowPageBoundaries">off</P>
      <P Name="ModelBrowserVisibility">off</P>
      <P Name="ModelBrowserWidth">200</P>
      <P Name="ScreenColor">white</P>
    </SystemDefaults>
    <BlockDefaults>
      <P Name="ForegroundColor">black</P>
      <P Name="BackgroundColor">white</P>
      <P Name="DropShadow">off</P>
      <P Name="NamePlacement">normal</P>
      <P Name="FontName">Helvetica</P>
      <P Name="FontSize">10</P>
      <P Name="FontWeight">normal</P>
      <P Name="FontAngle">normal</P>
      <P Name="ShowName">on</P>
      <P Name="BlockRotation">0</P>
      <P Name="BlockMirror">off</P>
    </BlockDefaults>
    <AnnotationDefaults>
      <P Name="HorizontalAlignment">center</P>
      <P Name="VerticalAlignment">middle</P>
      <P Name="ForegroundColor">black</P>
      <P Name="BackgroundColor">white</P>
      <P Name="DropShadow">off</P>
      <P Name="FontName">Helvetica</P>
      <P Name="FontSize">10</P>
      <P Name="FontWeight">normal</P>
      <P Name="FontAngle">normal</P>
      <P Name="UseDisplayTextAsClickCallback">off</P>
    </AnnotationDefaults>
    <LineDefaults>
      <P Name="FontName">Helvetica</P>
      <P Name="FontSize">9</P>
      <P Name="FontWeight">normal</P>
      <P Name="FontAngle">normal</P>
    </LineDefaults>
    <MaskDefaults>
      <P Name="SelfModifiable">off</P>
      <P Name="IconFrame">on</P>
      <P Name="IconOpaque">on</P>
      <P Name="RunInitForIconRedraw">off</P>
      <P Name="IconRotate">none</P>
      <P Name="PortRotate">default</P>
      <P Name="IconUnits">autoscale</P>
    </MaskDefaults>
    <MaskParameterDefaults>
      <P Name="Evaluate">on</P>
      <P Name="Tunable">on</P>
      <P Name="NeverSave">off</P>
      <P Name="Internal">off</P>
      <P Name="ReadOnly">off</P>
      <P Name="Enabled">on</P>
      <P Name="Visible">on</P>
      <P Name="ToolTip">on</P>
    </MaskParameterDefaults>
    <BlockParameterDefaults>
      <Block BlockType="Constant">
	<P Name="Value">1</P>
	<P Name="VectorParams1D">on</P>
	<P Name="SamplingMode">Sample based</P>
	<P Name="OutMin">[]</P>
	<P Name="OutMax">[]</P>
	<P Name="OutDataTypeStr">Inherit: Inherit from &apos;Constant value&apos;</P>
	<P Name="LockScale">off</P>
	<P Name="SampleTime">inf</P>
	<P Name="FramePeriod">inf</P>
	<P Name="PreserveConstantTs">off</P>
      </Block>
      <Block BlockType="DataTypeConversion">
	<P Name="OutMin">[]</P>
	<P Name="OutMax">[]</P>
	<P Name="OutDataTypeStr">Inherit: Inherit via back propagation</P>
	<P Name="LockScale">off</P>
	<P Name="ConvertRealWorld">Real World Value (RWV)</P>
	<P Name="RndMeth">Zero</P>
	<P Name="SaturateOnIntegerOverflow">on</P>
	<P Name="SampleTime">-1</P>
      </Block>
      <Block BlockType="Inport">
	<P Name="Port">1</P>
	<P Name="OutputFunctionCall">off</P>
	<P Name="OutMin">[]</P>
	<P Name="OutMax">[]</P>
	<P Name="OutDataTypeStr">Inherit: auto</P>
	<P Name="LockScale">off</P>
	<P Name="BusOutputAsStruct">off</P>
	<P Name="PortDimensions">-1</P>
	<P Name="VarSizeSig">Inherit</P>
	<P Name="SampleTime">-1</P>
	<P Name="SignalType">auto</P>
	<P Name="SamplingMode">auto</P>
	<P Name="LatchByDelayingOutsideSignal">off</P>
	<P Name="LatchInputForFeedbackSignals">off</P>
	<P Name="Interpolate">on</P>
      </Block>
      <Block BlockType="Logic">
	<P Name="Operator">AND</P>
	<P Name="Inputs">2</P>
	<P Name="IconShape">rectangular</P>
	<P Name="AllPortsSameDT">on</P>
	<P Name="OutDataTypeStr">Inherit: Logical (see Configuration Parameters: Optimization)</P>
	<P Name="SampleTime">-1</P>
      </Block>
      <Block BlockType="Outport">
	<P Name="Port">1</P>
	<P Name="OutMin">[]</P>
	<P Name="OutMax">[]</P>
	<P Name="OutDataTypeStr">Inherit: auto</P>
	<P Name="LockScale">off</P>
	<P Name="BusOutputAsStruct">off</P>
	<P Name="PortDimensions">-1</P>
	<P Name="VarSizeSig">Inherit</P>
	<P Name="SampleTime">-1</P>
	<P Name="SignalType">auto</P>
	<P Name="SamplingMode">auto</P>
	<P Name="SourceOfInitialOutputValue">Dialog</P>
	<P Name="OutputWhenDisabled">held</P>
	<P Name="InitialOutput">[]</P>
      </Block>
      <Block BlockType="RelationalOperator">
	<P Name="Operator">&gt;=</P>
	<P Name="InputSameDT">on</P>
	<P Name="OutDataTypeStr">Inherit: Logical (see Configuration Parameters: Optimization)</P>
	<P Name="ZeroCross">on</P>
	<P Name="SampleTime">-1</P>
      </Block>
      <Block BlockType="SubSystem">
	<P Name="ShowPortLabels">FromPortIcon</P>
	<P Name="Permissions">ReadWrite</P>
	<P Name="PermitHierarchicalResolution">All</P>
	<P Name="TreatAsAtomicUnit">off</P>
	<P Name="MinAlgLoopOccurrences">off</P>
	<P Name="PropExecContextOutsideSubsystem">off</P>
	<P Name="CheckFcnCallInpInsideContextMsg">off</P>
	<P Name="SystemSampleTime">-1</P>
	<P Name="RTWSystemCode">Auto</P>
	<P Name="RTWFcnNameOpts">Auto</P>
	<P Name="RTWFileNameOpts">Auto</P>
	<P Name="FunctionInterfaceSpec">void_void</P>
	<P Name="FunctionWithSeparateData">off</P>
	<P Name="RTWMemSecFuncInitTerm">Inherit from model</P>
	<P Name="RTWMemSecFuncExecute">Inherit from model</P>
	<P Name="RTWMemSecDataConstants">Inherit from model</P>
	<P Name="RTWMemSecDataInternal">Inherit from model</P>
	<P Name="RTWMemSecDataParameters">Inherit from model</P>
	<P Name="SimViewingDevice">off</P>
	<P Name="DataTypeOverride">UseLocalSettings</P>
	<P Name="DataTypeOverrideAppliesTo">AllNumericTypes</P>
	<P Name="MinMaxOverflowLogging">UseLocalSettings</P>
	<P Name="Opaque">off</P>
	<P Name="MaskHideContents">off</P>
	<P Name="SFBlockType">NONE</P>
	<P Name="Variant">off</P>
	<P Name="GeneratePreprocessorConditionals">off</P>
	<P Name="ContentPreviewEnabled">off</P>
      </Block>
      <Block BlockType="Switch">
	<P Name="Criteria">u2 &gt;= Threshold</P>
	<P Name="Threshold">0</P>
	<P Name="InputSameDT">on</P>
	<P Name="OutMin">[]</P>
	<P Name="OutMax">[]</P>
	<P Name="OutDataTypeStr">Inherit: Inherit via internal rule</P>
	<P Name="LockScale">off</P>
	<P Name="RndMeth">Floor</P>
	<P Name="SaturateOnIntegerOverflow">on</P>
	<P Name="ZeroCross">on</P>
	<P Name="SampleTime">-1</P>
	<P Name="AllowDiffInputSizes">off</P>
      </Block>
    </BlockParameterDefaults>
    <System>
      <P Name="Location">[968, 30, 1912, 1032]</P>
      <P Name="Open">on</P>
      <P Name="ModelBrowserWidth">200</P>
      <P Name="TiledPaperMargins">[0.500000, 0.500000, 0.500000, 0.500000]</P>
      <P Name="TiledPageScale">1</P>
      <P Name="ZoomFactor">125</P>
      <P Name="ReportName">simulink-default.rpt</P>
      <P Name="SIDHighWatermark">85</P>
      <Block BlockType="Inport" Name="up" SID="82">
	<P Name="Position">[20, 198, 50, 212]</P>
	<P Name="ZOrder">502</P>
	<P Name="IconDisplay">Port number</P>
	<P Name="OutDataTypeStr">boolean</P>
	<P Name="SampleTime">1</P>
      </Block>
      <Block BlockType="Inport" Name="down" SID="83">
	<P Name="Position">[20, 273, 50, 287]</P>
	<P Name="ZOrder">503</P>
	<P Name="Port">2</P>
	<P Name="IconDisplay">Port number</P>
	<P Name="OutDataTypeStr">boolean</P>
	<P Name="SampleTime">1</P>
      </Block>
      <Block BlockType="SubSystem" Name="Subsystem" SID="75">
	<P Name="Ports">[2, 1]</P>
	<P Name="Position">[115, 169, 240, 316]</P>
	<P Name="ZOrder">494</P>
	<P Name="TreatAsAtomicUnit">on</P>
	<P Name="SystemSampleTime">1</P>
	<P Name="RequestExecContextInheritance">off</P>
	<System>
	  <P Name="Location">[968, 30, 1912, 1032]</P>
	  <P Name="Open">off</P>
	  <P Name="ModelBrowserWidth">200</P>
	  <P Name="TiledPaperMargins">[0.500000, 0.500000, 0.500000, 0.500000]</P>
	  <P Name="TiledPageScale">1</P>
	  <P Name="ZoomFactor">125</P>
	  <Block BlockType="Inport" Name="up" SID="76">
	    <P Name="Position">[20, 98, 50, 112]</P>
	    <P Name="ZOrder">494</P>
	    <P Name="IconDisplay">Port number</P>
	    <P Name="OutDataTypeStr">boolean</P>
	    <P Name="SampleTime">1</P>
	  </Block>
	  <Block BlockType="Inport" Name="down" SID="77">
	    <P Name="Position">[20, 193, 50, 207]</P>
	    <P Name="ZOrder">495</P>
	    <P Name="Port">2</P>
	    <P Name="IconDisplay">Port number</P>
	    <P Name="OutDataTypeStr">boolean</P>
	    <P Name="SampleTime">1</P>
	  </Block>
	  <Block BlockType="SubSystem" Name="ConfigurablePWM" SID="34">
	    <P Name="Ports">[2, 1]</P>
	    <P Name="Position">[340, 111, 445, 229]</P>
	    <P Name="ZOrder">67</P>
	    <P Name="RequestExecContextInheritance">off</P>
	    <System>
	      <P Name="Location">[968, 30, 1912, 1032]</P>
	      <P Name="Open">on</P>
	      <P Name="ModelBrowserWidth">200</P>
	      <P Name="TiledPaperMargins">[0.500000, 0.500000, 0.500000, 0.500000]</P>
	      <P Name="TiledPageScale">1</P>
	      <P Name="ZoomFactor">125</P>
	      <Block BlockType="Inport" Name="enable" SID="37">
		<P Name="Position">[240, 308, 270, 322]</P>
		<P Name="ZOrder">69</P>
		<P Name="IconDisplay">Port number</P>
		<P Name="OutDataTypeStr">boolean</P>
	      </Block>
	      <Block BlockType="Inport" Name="dir" SID="38">
		<P Name="Position">[20, 338, 50, 352]</P>
		<P Name="ZOrder">70</P>
		<P Name="Port">2</P>
		<P Name="IconDisplay">Port number</P>
		<P Name="OutDataTypeStr">boolean</P>
	      </Block>
	      <Block BlockType="DataTypeConversion" Name="Data Type Conversion" SID="45">
		<P Name="Position">[435, 230, 465, 250]</P>
		<P Name="ZOrder">73</P>
		<P Name="OutDataTypeStr">uint32</P>
		<P Name="RndMeth">Floor</P>
		<P Name="SaturateOnIntegerOverflow">off</P>
	      </Block>
	      <Block BlockType="Logic" Name="Logical&#xA;Operator1" SID="26">
		<P Name="Ports">[2, 1]</P>
		<P Name="Position">[155, 114, 185, 146]</P>
		<P Name="ZOrder">59</P>
		<P Name="IconShape">distinctive</P>
		<P Name="AllPortsSameDT">off</P>
		<P Name="OutDataTypeStr">boolean</P>
		<P Name="SampleTime">1</P>
	      </Block>
	      <Block BlockType="Logic" Name="Logical&#xA;Operator2" SID="27">
		<P Name="Ports">[3, 1]</P>
		<P Name="Position">[215, 99, 245, 281]</P>
		<P Name="ZOrder">60</P>
		<P Name="Operator">OR</P>
		<P Name="Inputs">3</P>
		<P Name="IconShape">distinctive</P>
		<P Name="AllPortsSameDT">off</P>
		<P Name="OutDataTypeStr">boolean</P>
		<P Name="SampleTime">1</P>
	      </Block>
	      <Block BlockType="Logic" Name="Logical&#xA;Operator3" SID="28">
		<P Name="Ports">[2, 1]</P>
		<P Name="Position">[155, 234, 185, 266]</P>
		<P Name="ZOrder">61</P>
		<P Name="IconShape">distinctive</P>
		<P Name="AllPortsSameDT">off</P>
		<P Name="OutDataTypeStr">boolean</P>
		<P Name="SampleTime">1</P>
	      </Block>
	      <Block BlockType="Logic" Name="Logical&#xA;Operator5" SID="30">
		<P Name="Ports">[2, 1]</P>
		<P Name="Position">[305, 179, 335, 211]</P>
		<P Name="ZOrder">63</P>
		<P Name="IconShape">distinctive</P>
		<P Name="AllPortsSameDT">off</P>
		<P Name="OutDataTypeStr">boolean</P>
		<P Name="SampleTime">1</P>
	      </Block>
	      <Block BlockType="Logic" Name="Logical&#xA;Operator6" SID="31">
		<P Name="Ports">[2, 1]</P>
		<P Name="Position">[155, 174, 185, 206]</P>
		<P Name="ZOrder">64</P>
		<P Name="IconShape">distinctive</P>
		<P Name="AllPortsSameDT">off</P>
		<P Name="OutDataTypeStr">boolean</P>
		<P Name="SampleTime">1</P>
	      </Block>
	      <Block BlockType="Logic" Name="Logical&#xA;Operator7" SID="32">
		<P Name="Ports">[1, 1]</P>
		<P Name="Position">[91, 305, 109, 325]</P>
		<P Name="ZOrder">65</P>
		<P Name="BlockRotation">270</P>
		<P Name="Operator">NOT</P>
		<P Name="IconShape">distinctive</P>
		<P Name="AllPortsSameDT">off</P>
		<P Name="OutDataTypeStr">boolean</P>
		<P Name="SampleTime">1</P>
	      </Block>
	      <Block BlockType="RelationalOperator" Name="Relational&#xA;Operator" SID="20">
		<P Name="Ports">[2, 1]</P>
		<P Name="Position">[500, 137, 530, 168]</P>
		<P Name="ZOrder">53</P>
		<P Name="Operator">&gt;</P>
		<P Name="InputSameDT">off</P>
		<P Name="OutDataTypeStr">boolean</P>
	      </Block>
	      <Block BlockType="RelationalOperator" Name="Relational&#xA;Operator1" SID="24">
		<P Name="Ports">[2, 1]</P>
		<P Name="Position">[480, 382, 510, 413]</P>
		<P Name="ZOrder">57</P>
		<P Name="Operator">&gt;</P>
		<P Name="InputSameDT">off</P>
		<P Name="OutDataTypeStr">boolean</P>
	      </Block>
	      <Block BlockType="RelationalOperator" Name="Relational&#xA;Operator2" SID="46">
		<P Name="Ports">[2, 1]</P>
		<P Name="Position">[165, 352, 195, 383]</P>
		<P Name="ZOrder">74</P>
		<P Name="InputSameDT">off</P>
		<P Name="OutDataTypeStr">boolean</P>
	      </Block>
	      <Block BlockType="RelationalOperator" Name="Relational&#xA;Operator3" SID="48">
		<P Name="Ports">[2, 1]</P>
		<P Name="Position">[155, 52, 185, 83]</P>
		<P Name="ZOrder">76</P>
		<P Name="InputSameDT">off</P>
		<P Name="OutDataTypeStr">boolean</P>
	      </Block>
	      <Block BlockType="Constant" Name="maxVal" SID="21">
		<P Name="Position">[270, 90, 320, 120]</P>
		<P Name="ZOrder">54</P>
		<P Name="Value">117000</P>
	      </Block>
	      <Block BlockType="Constant" Name="minVal" SID="25">
		<P Name="Position">[335, 390, 375, 420]</P>
		<P Name="ZOrder">58</P>
		<P Name="Value">33000</P>
	      </Block>
	      <Block BlockType="Reference" Name="setCounter" SID="15">
		<P Name="Ports">[2, 1]</P>
		<P Name="Position">[355, 140, 415, 335]</P>
		<P Name="ZOrder">49</P>
		<P Name="LibraryVersion">1.109</P>
		<P Name="SourceBlock">hdlsllib/HDL Operations/HDL Counter</P>
		<P Name="SourceType">HDL Counter</P>
		<P Name="ContentPreviewEnabled">off</P>
		<P Name="CountType">Count limited</P>
		<P Name="CountInit">75000</P>
		<P Name="CountStep">6000</P>
		<P Name="CountMax">120000</P>
		<P Name="CountFromType">Specify</P>
		<P Name="CountFrom">30000</P>
		<P Name="CountResetPort">off</P>
		<P Name="CountLoadPort">off</P>
		<P Name="CountEnbPort">on</P>
		<P Name="CountDirPort">on</P>
		<P Name="CountDataType">Unsigned</P>
		<P Name="CountWordLen">20</P>
		<P Name="CountFracLen">0</P>
		<P Name="CountSampTime">1</P>
	      </Block>
	      <Block BlockType="SubSystem" Name="simple_pwm" SID="4">
		<P Name="Ports">[1, 1]</P>
		<P Name="Position">[530, 187, 635, 293]</P>
		<P Name="ZOrder">44</P>
		<P Name="RequestExecContextInheritance">off</P>
		<System>
		  <P Name="Location">[968, 30, 1912, 1032]</P>
		  <P Name="Open">off</P>
		  <P Name="ModelBrowserWidth">200</P>
		  <P Name="TiledPaperMargins">[0.500000, 0.500000, 0.500000, 0.500000]</P>
		  <P Name="TiledPageScale">1</P>
		  <P Name="ZoomFactor">150</P>
		  <Block BlockType="Inport" Name="In1" SID="16">
		    <P Name="Position">[40, 123, 70, 137]</P>
		    <P Name="ZOrder">49</P>
		    <P Name="IconDisplay">Port number</P>
		    <P Name="OutDataTypeStr">uint32</P>
		  </Block>
		  <Block BlockType="Reference" Name="HDL Counter" SID="1">
		    <P Name="Ports">[0, 1]</P>
		    <P Name="Position">[20, 20, 90, 80]</P>
		    <P Name="ZOrder">41</P>
		    <P Name="LibraryVersion">1.109</P>
		    <P Name="SourceBlock">hdlsllib/HDL Operations/HDL Counter</P>
		    <P Name="SourceType">HDL Counter</P>
		    <P Name="ContentPreviewEnabled">off</P>
		    <P Name="CountType">Count limited</P>
		    <P Name="CountInit">0</P>
		    <P Name="CountStep">1</P>
		    <P Name="CountMax">1000000</P>
		    <P Name="CountFromType">Initial value</P>
		    <P Name="CountFrom">0</P>
		    <P Name="CountResetPort">off</P>
		    <P Name="CountLoadPort">off</P>
		    <P Name="CountEnbPort">off</P>
		    <P Name="CountDirPort">off</P>
		    <P Name="CountDataType">Unsigned</P>
		    <P Name="CountWordLen">20</P>
		    <P Name="CountFracLen">0</P>
		    <P Name="CountSampTime">1</P>
		  </Block>
		  <Block BlockType="RelationalOperator" Name="Relational&#xA;Operator" SID="2">
		    <P Name="Ports">[2, 1]</P>
		    <P Name="Position">[225, 77, 255, 108]</P>
		    <P Name="ZOrder">42</P>
		    <P Name="Operator">&lt;</P>
		    <P Name="InputSameDT">off</P>
		    <P Name="OutDataTypeStr">boolean</P>
		    <P Name="SampleTime">1</P>
		  </Block>
		  <Block BlockType="Outport" Name="Out1" SID="5">
		    <P Name="Position">[275, 88, 305, 102]</P>
		    <P Name="ZOrder">44</P>
		    <P Name="IconDisplay">Port number</P>
		  </Block>
		  <Line>
		    <P Name="ZOrder">4</P>
		    <P Name="Src">2#out:1</P>
		    <P Name="Dst">5#in:1</P>
		  </Line>
		  <Line>
		    <P Name="ZOrder">2</P>
		    <P Name="Src">1#out:1</P>
		    <P Name="Points">[93, 0; 0, 35]</P>
		    <P Name="Dst">2#in:1</P>
		  </Line>
		  <Line>
		    <P Name="ZOrder">6</P>
		    <P Name="Src">16#out:1</P>
		    <P Name="Points">[26, 0; 0, -30]</P>
		    <P Name="Dst">2#in:2</P>
		  </Line>
		</System>
	      </Block>
	      <Block BlockType="Outport" Name="Out1" SID="40">
		<P Name="Position">[660, 233, 690, 247]</P>
		<P Name="ZOrder">72</P>
		<P Name="IconDisplay">Port number</P>
	      </Block>
	      <Line>
		<P Name="ZOrder">56</P>
		<P Name="Src">32#out:1</P>
		<P Name="Points">[0, -105]</P>
		<P Name="Dst">31#in:2</P>
	      </Line>
	      <Line>
		<P Name="ZOrder">65</P>
		<P Name="Src">37#out:1</P>
		<P Name="Points">[12, 0; 0, -115]</P>
		<P Name="Dst">30#in:2</P>
	      </Line>
	      <Line>
		<P Name="ZOrder">66</P>
		<P Name="Src">38#out:1</P>
		<P Name="Points">[45, 0]</P>
		<Branch>
		  <P Name="ZOrder">54</P>
		  <P Name="Dst">32#in:1</P>
		</Branch>
		<Branch>
		  <P Name="ZOrder">53</P>
		  <P Name="Points">[14, 0]</P>
		  <Branch>
		    <P Name="ZOrder">52</P>
		    <P Name="Points">[0, -90]</P>
		    <P Name="Dst">28#in:2</P>
		  </Branch>
		  <Branch>
		    <P Name="ZOrder">51</P>
		    <P Name="Points">[203, 0; 0, -60]</P>
		    <P Name="Dst">15#in:2</P>
		  </Branch>
		</Branch>
	      </Line>
	      <Line>
		<P Name="ZOrder">7</P>
		<P Name="Src">15#out:1</P>
		<P Name="Dst">45#in:1</P>
	      </Line>
	      <Line>
		<P Name="ZOrder">34</P>
		<P Name="Src">26#out:1</P>
		<P Name="Dst">27#in:1</P>
	      </Line>
	      <Line>
		<P Name="ZOrder">33</P>
		<P Name="Src">20#out:1</P>
		<P Name="Points">[7, 0; 0, -110; -460, 0; 0, 80]</P>
		<P Name="Dst">26#in:1</P>
	      </Line>
	      <Line>
		<P Name="ZOrder">15</P>
		<P Name="Src">21#out:1</P>
		<P Name="Points">[140, 0; 0, -25]</P>
		<Branch>
		  <P Name="ZOrder">85</P>
		  <P Name="Points">[0, -52; -321, 0; 0, 47]</P>
		  <P Name="Dst">48#in:2</P>
		</Branch>
		<Branch>
		  <P Name="ZOrder">84</P>
		  <P Name="Points">[13, 0; 0, 65]</P>
		  <P Name="Dst">20#in:1</P>
		</Branch>
	      </Line>
	      <Line>
		<P Name="ZOrder">40</P>
		<P Name="Src">30#out:1</P>
		<P Name="Dst">15#in:1</P>
	      </Line>
	      <Line>
		<P Name="ZOrder">32</P>
		<P Name="Src">24#out:1</P>
		<P Name="Points">[13, 0; 0, 53; -446, 0; 0, -318]</P>
		<P Name="Dst">26#in:2</P>
	      </Line>
	      <Line>
		<P Name="ZOrder">41</P>
		<P Name="Src">27#out:1</P>
		<P Name="Dst">30#in:1</P>
	      </Line>
	      <Line>
		<P Name="ZOrder">58</P>
		<P Name="Src">31#out:1</P>
		<P Name="Dst">27#in:2</P>
	      </Line>
	      <Line>
		<P Name="ZOrder">59</P>
		<P Name="Src">28#out:1</P>
		<P Name="Dst">27#in:3</P>
	      </Line>
	      <Line>
		<P Name="ZOrder">68</P>
		<P Name="Src">4#out:1</P>
		<P Name="Dst">40#in:1</P>
	      </Line>
	      <Line>
		<P Name="ZOrder">71</P>
		<P Name="Src">45#out:1</P>
		<P Name="Points">[7, 0]</P>
		<Branch>
		  <P Name="ZOrder">69</P>
		  <P Name="Points">[11, 0]</P>
		  <Branch>
		    <P Name="ZOrder">28</P>
		    <P Name="Points">[0, 32; -29, 0; 0, 118]</P>
		    <Branch>
		    <P Name="ZOrder">90</P>
		    <P Name="Points">[0, 51; -312, 0; 0, -66]</P>
		    <P Name="Dst">46#in:2</P>
		    </Branch>
		    <Branch>
		    <P Name="ZOrder">75</P>
		    <P Name="Dst">24#in:1</P>
		    </Branch>
		  </Branch>
		  <Branch>
		    <P Name="ZOrder">13</P>
		    <P Name="Dst">4#in:1</P>
		  </Branch>
		</Branch>
		<Branch>
		  <P Name="ZOrder">14</P>
		  <P Name="Points">[0, -59]</P>
		  <Branch>
		    <P Name="ZOrder">82</P>
		    <P Name="Points">[-19, 0; 0, -177; -342, 0; 0, 56]</P>
		    <P Name="Dst">48#in:1</P>
		  </Branch>
		  <Branch>
		    <P Name="ZOrder">81</P>
		    <P Name="Points">[0, -21]</P>
		    <P Name="Dst">20#in:2</P>
		  </Branch>
		</Branch>
	      </Line>
	      <Line>
		<P Name="ZOrder">27</P>
		<P Name="Src">25#out:1</P>
		<P Name="Points">[17, 0]</P>
		<Branch>
		  <P Name="ZOrder">89</P>
		  <P Name="Points">[0, 44; -263, 0; 0, -89]</P>
		  <P Name="Dst">46#in:1</P>
		</Branch>
		<Branch>
		  <P Name="ZOrder">77</P>
		  <P Name="Dst">24#in:2</P>
		</Branch>
	      </Line>
	      <Line>
		<P Name="ZOrder">79</P>
		<P Name="Src">46#out:1</P>
		<P Name="Points">[3, 0; 0, -71; -116, 0; 0, -54]</P>
		<P Name="Dst">28#in:1</P>
	      </Line>
	      <Line>
		<P Name="ZOrder">80</P>
		<P Name="Src">48#out:1</P>
		<P Name="Points">[9, 0; 0, -32; -62, 0; 0, 147]</P>
		<P Name="Dst">31#in:1</P>
	      </Line>
	    </System>
	  </Block>
	  <Block BlockType="Constant" Name="Constant" SID="73">
	    <P Name="Position">[215, 240, 230, 260]</P>
	    <P Name="ZOrder">492</P>
	    <P Name="OutDataTypeStr">boolean</P>
	  </Block>
	  <Block BlockType="Constant" Name="Constant1" SID="74">
	    <P Name="Position">[215, 285, 230, 305]</P>
	    <P Name="ZOrder">493</P>
	    <P Name="Value">0</P>
	    <P Name="OutDataTypeStr">boolean</P>
	  </Block>
	  <Block BlockType="SubSystem" Name="Debounce" SID="56">
	    <P Name="Ports">[1, 1]</P>
	    <P Name="Position">[105, 75, 145, 135]</P>
	    <P Name="ZOrder">486</P>
	    <P Name="RequestExecContextInheritance">off</P>
	    <System>
	      <P Name="Location">[968, 30, 1912, 1032]</P>
	      <P Name="Open">off</P>
	      <P Name="ModelBrowserWidth">200</P>
	      <P Name="TiledPaperMargins">[0.500000, 0.500000, 0.500000, 0.500000]</P>
	      <P Name="TiledPageScale">1</P>
	      <P Name="ZoomFactor">100</P>
	      <Block BlockType="Inport" Name="In1" SID="57">
		<P Name="Position">[20, 23, 50, 37]</P>
		<P Name="ZOrder">441</P>
		<P Name="IconDisplay">Port number</P>
	      </Block>
	      <Block BlockType="Reference" Name="Compare&#xA;To Constant2" SID="58">
		<P Name="Ports">[1, 1]</P>
		<P Name="Position">[305, 65, 360, 125]</P>
		<P Name="ZOrder">437</P>
		<P Name="LibraryVersion">1.287</P>
		<P Name="SourceBlock">simulink/Logic and Bit
Operations/Compare
To Constant</P>
		<P Name="SourceType">Compare To Constant</P>
		<P Name="ContentPreviewEnabled">off</P>
		<P Name="relop">==</P>
		<P Name="const">12500000</P>
		<P Name="OutDataTypeStr">boolean</P>
		<P Name="ZeroCross">on</P>
	      </Block>
	      <Block BlockType="DataTypeConversion" Name="Data Type Conversion1" SID="59">
		<P Name="Position">[460, 78, 535, 112]</P>
		<P Name="ZOrder">440</P>
		<P Name="OutDataTypeStr">boolean</P>
		<P Name="RndMeth">Floor</P>
		<P Name="SaturateOnIntegerOverflow">off</P>
	      </Block>
	      <Block BlockType="Reference" Name="HDL Counter4" SID="60">
		<P Name="Ports">[2, 1]</P>
		<P Name="Position">[205, 65, 275, 125]</P>
		<P Name="ZOrder">436</P>
		<P Name="LibraryVersion">1.109</P>
		<P Name="SourceBlock">hdlsllib/HDL Operations/HDL Counter</P>
		<P Name="SourceType">HDL Counter</P>
		<P Name="ContentPreviewEnabled">off</P>
		<P Name="CountType">Free running</P>
		<P Name="CountInit">0</P>
		<P Name="CountStep">1</P>
		<P Name="CountMax">100</P>
		<P Name="CountFromType">Initial value</P>
		<P Name="CountFrom">0</P>
		<P Name="CountResetPort">on</P>
		<P Name="CountLoadPort">off</P>
		<P Name="CountEnbPort">on</P>
		<P Name="CountDirPort">off</P>
		<P Name="CountDataType">Unsigned</P>
		<P Name="CountWordLen">32</P>
		<P Name="CountFracLen">0</P>
		<P Name="CountSampTime">1</P>
	      </Block>
	      <Block BlockType="Logic" Name="Logical&#xA;Operator1" SID="61">
		<P Name="Ports">[1, 1]</P>
		<P Name="Position">[135, 64, 165, 96]</P>
		<P Name="ZOrder">439</P>
		<P Name="Operator">NOT</P>
		<P Name="IconShape">distinctive</P>
		<P Name="AllPortsSameDT">off</P>
		<P Name="OutDataTypeStr">boolean</P>
		<P Name="SampleTime">1</P>
	      </Block>
	      <Block BlockType="Outport" Name="Out1" SID="62">
		<P Name="Position">[625, 188, 655, 202]</P>
		<P Name="ZOrder">442</P>
		<P Name="IconDisplay">Port number</P>
	      </Block>
	      <Line>
		<P Name="ZOrder">1</P>
		<P Name="Src">61#out:1</P>
		<P Name="Dst">60#in:1</P>
	      </Line>
	      <Line>
		<P Name="ZOrder">2</P>
		<P Name="Src">58#out:1</P>
		<P Name="Dst">59#in:1</P>
	      </Line>
	      <Line>
		<P Name="ZOrder">3</P>
		<P Name="Src">57#out:1</P>
		<P Name="Points">[59, 0; 0, 50]</P>
		<Branch>
		  <P Name="ZOrder">4</P>
		  <P Name="Points">[0, 56; 72, 0; 0, -26]</P>
		  <P Name="Dst">60#in:2</P>
		</Branch>
		<Branch>
		  <P Name="ZOrder">5</P>
		  <P Name="Dst">61#in:1</P>
		</Branch>
	      </Line>
	      <Line>
		<P Name="ZOrder">6</P>
		<P Name="Src">59#out:1</P>
		<P Name="Points">[48, 0; 0, 100]</P>
		<P Name="Dst">62#in:1</P>
	      </Line>
	      <Line>
		<P Name="ZOrder">7</P>
		<P Name="Src">60#out:1</P>
		<P Name="Dst">58#in:1</P>
	      </Line>
	    </System>
	  </Block>
	  <Block BlockType="SubSystem" Name="Debounce1" SID="64">
	    <P Name="Ports">[1, 1]</P>
	    <P Name="Position">[140, 170, 180, 230]</P>
	    <P Name="ZOrder">488</P>
	    <P Name="RequestExecContextInheritance">off</P>
	    <System>
	      <P Name="Location">[968, 30, 1912, 1032]</P>
	      <P Name="Open">off</P>
	      <P Name="ModelBrowserWidth">200</P>
	      <P Name="TiledPaperMargins">[0.500000, 0.500000, 0.500000, 0.500000]</P>
	      <P Name="TiledPageScale">1</P>
	      <P Name="ZoomFactor">100</P>
	      <Block BlockType="Inport" Name="In1" SID="65">
		<P Name="Position">[20, 23, 50, 37]</P>
		<P Name="ZOrder">441</P>
		<P Name="IconDisplay">Port number</P>
	      </Block>
	      <Block BlockType="Reference" Name="Compare&#xA;To Constant2" SID="66">
		<P Name="Ports">[1, 1]</P>
		<P Name="Position">[305, 65, 360, 125]</P>
		<P Name="ZOrder">437</P>
		<P Name="LibraryVersion">1.287</P>
		<P Name="SourceBlock">simulink/Logic and Bit
Operations/Compare
To Constant</P>
		<P Name="SourceType">Compare To Constant</P>
		<P Name="ContentPreviewEnabled">off</P>
		<P Name="relop">==</P>
		<P Name="const">12500000</P>
		<P Name="OutDataTypeStr">boolean</P>
		<P Name="ZeroCross">on</P>
	      </Block>
	      <Block BlockType="DataTypeConversion" Name="Data Type Conversion1" SID="67">
		<P Name="Position">[505, 78, 580, 112]</P>
		<P Name="ZOrder">440</P>
		<P Name="OutDataTypeStr">boolean</P>
		<P Name="RndMeth">Floor</P>
		<P Name="SaturateOnIntegerOverflow">off</P>
	      </Block>
	      <Block BlockType="Reference" Name="HDL Counter4" SID="68">
		<P Name="Ports">[2, 1]</P>
		<P Name="Position">[205, 65, 275, 125]</P>
		<P Name="ZOrder">436</P>
		<P Name="LibraryVersion">1.109</P>
		<P Name="SourceBlock">hdlsllib/HDL Operations/HDL Counter</P>
		<P Name="SourceType">HDL Counter</P>
		<P Name="ContentPreviewEnabled">off</P>
		<P Name="CountType">Free running</P>
		<P Name="CountInit">0</P>
		<P Name="CountStep">1</P>
		<P Name="CountMax">100</P>
		<P Name="CountFromType">Initial value</P>
		<P Name="CountFrom">0</P>
		<P Name="CountResetPort">on</P>
		<P Name="CountLoadPort">off</P>
		<P Name="CountEnbPort">on</P>
		<P Name="CountDirPort">off</P>
		<P Name="CountDataType">Unsigned</P>
		<P Name="CountWordLen">32</P>
		<P Name="CountFracLen">0</P>
		<P Name="CountSampTime">1</P>
	      </Block>
	      <Block BlockType="Logic" Name="Logical&#xA;Operator1" SID="69">
		<P Name="Ports">[1, 1]</P>
		<P Name="Position">[135, 64, 165, 96]</P>
		<P Name="ZOrder">439</P>
		<P Name="Operator">NOT</P>
		<P Name="IconShape">distinctive</P>
		<P Name="AllPortsSameDT">off</P>
		<P Name="OutDataTypeStr">boolean</P>
		<P Name="SampleTime">1</P>
	      </Block>
	      <Block BlockType="Outport" Name="Out1" SID="70">
		<P Name="Position">[625, 188, 655, 202]</P>
		<P Name="ZOrder">442</P>
		<P Name="IconDisplay">Port number</P>
	      </Block>
	      <Line>
		<P Name="ZOrder">1</P>
		<P Name="Src">69#out:1</P>
		<P Name="Dst">68#in:1</P>
	      </Line>
	      <Line>
		<P Name="ZOrder">2</P>
		<P Name="Src">66#out:1</P>
		<P Name="Dst">67#in:1</P>
	      </Line>
	      <Line>
		<P Name="ZOrder">3</P>
		<P Name="Src">65#out:1</P>
		<P Name="Points">[59, 0; 0, 50]</P>
		<Branch>
		  <P Name="ZOrder">4</P>
		  <P Name="Points">[0, 56; 72, 0; 0, -26]</P>
		  <P Name="Dst">68#in:2</P>
		</Branch>
		<Branch>
		  <P Name="ZOrder">5</P>
		  <P Name="Dst">69#in:1</P>
		</Branch>
	      </Line>
	      <Line>
		<P Name="ZOrder">6</P>
		<P Name="Src">67#out:1</P>
		<P Name="Points">[3, 0; 0, 100]</P>
		<P Name="Dst">70#in:1</P>
	      </Line>
	      <Line>
		<P Name="ZOrder">7</P>
		<P Name="Src">68#out:1</P>
		<P Name="Dst">66#in:1</P>
	      </Line>
	    </System>
	  </Block>
	  <Block BlockType="Logic" Name="Logical&#xA;Operator5" SID="71">
	    <P Name="Ports">[2, 1]</P>
	    <P Name="Position">[280, 34, 310, 66]</P>
	    <P Name="ZOrder">490</P>
	    <P Name="Operator">OR</P>
	    <P Name="IconShape">distinctive</P>
	    <P Name="AllPortsSameDT">off</P>
	    <P Name="OutDataTypeStr">boolean</P>
	    <P Name="SampleTime">1</P>
	  </Block>
	  <Block BlockType="Switch" Name="Switch" SID="72">
	    <P Name="Position">[270, 260, 320, 300]</P>
	    <P Name="ZOrder">491</P>
	    <P Name="Criteria">u2 &gt; Threshold</P>
	    <P Name="InputSameDT">off</P>
	    <P Name="SaturateOnIntegerOverflow">off</P>
	  </Block>
	  <Block BlockType="Outport" Name="Out1" SID="84">
	    <P Name="Position">[485, 163, 515, 177]</P>
	    <P Name="ZOrder">496</P>
	    <P Name="IconDisplay">Port number</P>
	    <P Name="SampleTime">1</P>
	  </Block>
	  <Line>
	    <P Name="ZOrder">73</P>
	    <P Name="Src">56#out:1</P>
	    <P Name="Points">[53, 0]</P>
	    <Branch>
	      <P Name="ZOrder">93</P>
	      <P Name="Points">[0, 164; 43, 0; 0, 11]</P>
	      <P Name="Dst">72#in:2</P>
	    </Branch>
	    <Branch>
	      <P Name="ZOrder">92</P>
	      <P Name="Points">[37, 0; 0, -60]</P>
	      <P Name="Dst">71#in:1</P>
	    </Branch>
	  </Line>
	  <Line>
	    <P Name="ZOrder">77</P>
	    <P Name="Src">71#out:1</P>
	    <P Name="Points">[10, 0]</P>
	    <P Name="Dst">34#in:1</P>
	  </Line>
	  <Line>
	    <P Name="ZOrder">104</P>
	    <P Name="Src">76#out:1</P>
	    <P Name="Dst">56#in:1</P>
	  </Line>
	  <Line>
	    <P Name="ZOrder">105</P>
	    <P Name="Src">77#out:1</P>
	    <P Name="Dst">64#in:1</P>
	  </Line>
	  <Line>
	    <P Name="ZOrder">94</P>
	    <P Name="Src">73#out:1</P>
	    <P Name="Points">[20, 0]</P>
	    <P Name="Dst">72#in:1</P>
	  </Line>
	  <Line>
	    <P Name="ZOrder">85</P>
	    <P Name="Src">72#out:1</P>
	    <P Name="Points">[5, 0; 0, -80]</P>
	    <P Name="Dst">34#in:2</P>
	  </Line>
	  <Line>
	    <P Name="ZOrder">95</P>
	    <P Name="Src">74#out:1</P>
	    <P Name="Dst">72#in:3</P>
	  </Line>
	  <Line>
	    <P Name="ZOrder">74</P>
	    <P Name="Src">64#out:1</P>
	    <P Name="Points">[77, 0; 0, -145]</P>
	    <P Name="Dst">71#in:2</P>
	  </Line>
	  <Line>
	    <P Name="ZOrder">120</P>
	    <P Name="Src">34#out:1</P>
	    <P Name="Dst">84#in:1</P>
	  </Line>
	</System>
      </Block>
      <Block BlockType="Outport" Name="Out1" SID="85">
	<P Name="Position">[280, 238, 310, 252]</P>
	<P Name="ZOrder">504</P>
	<P Name="IconDisplay">Port number</P>
	<P Name="SampleTime">1</P>
      </Block>
      <Line>
	<P Name="ZOrder">114</P>
	<P Name="Src">82#out:1</P>
	<P Name="Dst">75#in:1</P>
      </Line>
      <Line>
	<P Name="ZOrder">115</P>
	<P Name="Src">83#out:1</P>
	<P Name="Dst">75#in:2</P>
      </Line>
      <Line>
	<P Name="ZOrder">116</P>
	<P Name="Src">75#out:1</P>
	<P Name="Dst">85#in:1</P>
      </Line>
    </System>
  </Model>
</ModelInformation>
